strategy,p1_on_time_rate,p1_on_time,p1_total,served_requests,served_rate,unserved_requests,avg_delivery_h,total_distance_km,wasted_units,cpu_ms,run,seed,strategy_label
fifo,30.77,4,13,24,80.0,6,0.665,188.82,29,1.649,1,2026,FIFO (base)
goal,38.46,5,13,25,83.33,5,0.671,200.89,26,0.327,1,2026,Agente de objetivos
utility,61.54,8,13,26,86.67,4,0.714,236.82,20,1.884,1,2026,Agente de utilidad
fifo,0.0,0,11,26,86.67,4,0.697,225.42,19,0.311,2,2027,FIFO (base)
goal,72.73,8,11,24,80.0,6,0.68,198.03,23,0.397,2,2027,Agente de objetivos
utility,72.73,8,11,25,83.33,5,0.714,227.66,13,1.897,2,2027,Agente de utilidad
fifo,30.0,3,10,25,83.33,5,0.873,327.18,17,0.816,3,2028,FIFO (base)
goal,50.0,5,10,24,80.0,6,0.855,303.63,17,1.13,3,2028,Agente de objetivos
utility,40.0,4,10,25,83.33,5,0.902,345.87,8,3.008,3,2028,Agente de utilidad
fifo,33.33,4,12,25,83.33,5,0.651,188.36,28,0.373,4,2029,FIFO (base)
goal,75.0,9,12,25,83.33,5,0.662,195.19,28,0.362,4,2029,Agente de objetivos
utility,58.33,7,12,26,86.67,4,0.681,215.14,23,1.473,4,2029,Agente de utilidad
fifo,16.67,2,12,25,83.33,5,0.638,179.38,25,0.346,5,2030,FIFO (base)
goal,75.0,9,12,26,86.67,4,0.648,193.19,22,0.349,5,2030,Agente de objetivos
utility,83.33,10,12,26,86.67,4,0.671,208.26,16,2.275,5,2030,Agente de utilidad
fifo,33.33,3,9,24,80.0,6,0.695,207.08,26,0.301,6,2031,FIFO (base)
goal,55.56,5,9,24,80.0,6,0.656,184.49,25,0.324,6,2031,Agente de objetivos
utility,55.56,5,9,24,80.0,6,0.708,215.14,16,1.868,6,2031,Agente de utilidad
fifo,18.18,2,11,23,76.67,7,0.686,192.84,27,0.432,7,2032,FIFO (base)
goal,54.55,6,11,25,83.33,5,0.667,197.77,24,0.342,7,2032,Agente de objetivos
utility,81.82,9,11,26,86.67,4,0.693,223.46,21,2.348,7,2032,Agente de utilidad
fifo,83.33,5,6,21,70.0,9,0.613,137.07,34,0.316,8,2033,FIFO (base)
goal,100.0,6,6,21,70.0,9,0.613,137.07,34,0.297,8,2033,Agente de objetivos
utility,100.0,6,6,21,70.0,9,0.646,154.61,31,0.787,8,2033,Agente de utilidad
fifo,16.67,2,12,22,73.33,8,0.695,189.71,26,0.278,9,2034,FIFO (base)
goal,75.0,9,12,22,73.33,8,0.691,188.12,25,0.311,9,2034,Agente de objetivos
utility,66.67,8,12,22,73.33,8,0.715,200.9,24,1.158,9,2034,Agente de utilidad
fifo,20.0,2,10,24,80.0,6,0.743,236.09,27,0.292,10,2035,FIFO (base)
goal,70.0,7,10,24,80.0,6,0.779,257.38,30,0.547,10,2035,Agente de objetivos
utility,70.0,7,10,25,83.33,5,0.787,273.45,24,2.042,10,2035,Agente de utilidad
fifo,12.5,1,8,22,73.33,8,0.89,296.51,27,0.291,11,2036,FIFO (base)
goal,37.5,3,8,23,76.67,7,0.877,302.07,23,0.454,11,2036,Agente de objetivos
utility,37.5,3,8,23,76.67,7,0.876,302.65,20,2.42,11,2036,Agente de utilidad
fifo,71.43,5,7,28,93.33,2,0.545,136.4,31,0.344,12,2037,FIFO (base)
goal,85.71,6,7,28,93.33,2,0.545,136.4,31,0.351,12,2037,Agente de objetivos
utility,85.71,6,7,28,93.33,2,0.594,170.36,26,1.375,12,2037,Agente de utilidad
fifo,66.67,6,9,26,86.67,4,0.612,170.5,15,0.29,13,2038,FIFO (base)
goal,88.89,8,9,26,86.67,4,0.605,165.68,15,0.33,13,2038,Agente de objetivos
utility,88.89,8,9,26,86.67,4,0.645,192.22,13,1.554,13,2038,Agente de utilidad
fifo,57.14,4,7,22,73.33,8,0.62,149.23,25,0.626,14,2039,FIFO (base)
goal,100.0,7,7,22,73.33,8,0.641,160.46,25,0.382,14,2039,Agente de objetivos
utility,100.0,7,7,23,76.67,7,0.637,165.72,21,2.016,14,2039,Agente de utilidad
fifo,11.11,1,9,20,66.67,10,0.706,177.57,26,0.358,15,2040,FIFO (base)
goal,55.56,5,9,20,66.67,10,0.706,177.57,26,0.333,15,2040,Agente de objetivos
utility,66.67,6,9,23,76.67,7,0.729,217.44,16,1.543,15,2040,Agente de utilidad
fifo,25.0,3,12,24,80.0,6,0.594,147.17,22,0.317,16,2041,FIFO (base)
goal,83.33,10,12,25,83.33,5,0.609,162.04,20,0.562,16,2041,Agente de objetivos
utility,91.67,11,12,25,83.33,5,0.654,190.21,11,1.549,16,2041,Agente de utilidad
fifo,45.45,5,11,27,90.0,3,0.574,151.1,18,0.305,17,2042,FIFO (base)
goal,90.91,10,11,27,90.0,3,0.574,151.1,18,0.695,17,2042,Agente de objetivos
utility,45.45,5,11,27,90.0,3,0.661,209.57,7,1.913,17,2042,Agente de utilidad
fifo,18.18,2,11,27,90.0,3,0.59,163.13,15,1.713,18,2043,FIFO (base)
goal,63.64,7,11,26,86.67,4,0.582,152.03,19,0.535,18,2043,Agente de objetivos
utility,72.73,8,11,26,86.67,4,0.593,158.56,19,1.536,18,2043,Agente de utilidad
fifo,0.0,0,5,21,70.0,9,0.75,209.5,26,0.281,19,2044,FIFO (base)
goal,60.0,3,5,20,66.67,10,0.736,192.4,28,0.379,19,2044,Agente de objetivos
utility,60.0,3,5,22,73.33,8,0.781,236.88,26,1.717,19,2044,Agente de utilidad
fifo,16.67,1,6,22,73.33,8,0.717,202.39,25,0.316,20,2045,FIFO (base)
goal,83.33,5,6,22,73.33,8,0.713,200.28,26,0.427,20,2045,Agente de objetivos
utility,83.33,5,6,21,70.0,9,0.751,211.26,18,2.05,20,2045,Agente de utilidad
fifo,30.0,3,10,22,73.33,8,0.665,173.66,26,0.277,21,2046,FIFO (base)
goal,80.0,8,10,22,73.33,8,0.664,173.06,26,0.3,21,2046,Agente de objetivos
utility,70.0,7,10,22,73.33,8,0.69,187.12,25,1.163,21,2046,Agente de utilidad
fifo,50.0,5,10,23,76.67,7,0.589,137.64,25,0.304,22,2047,FIFO (base)
goal,80.0,8,10,23,76.67,7,0.574,129.31,24,0.394,22,2047,Agente de objetivos
utility,70.0,7,10,23,76.67,7,0.601,144.92,23,1.367,22,2047,Agente de utilidad
fifo,58.33,7,12,23,76.67,7,0.574,128.62,30,0.391,23,2048,FIFO (base)
goal,75.0,9,12,23,76.67,7,0.577,130.28,30,0.39,23,2048,Agente de objetivos
utility,58.33,7,12,24,80.0,6,0.662,188.17,21,1.609,23,2048,Agente de utilidad
fifo,41.67,5,12,26,86.67,4,0.547,127.9,28,0.423,24,2049,FIFO (base)
goal,66.67,8,12,26,86.67,4,0.577,147.06,28,0.551,24,2049,Agente de objetivos
utility,83.33,10,12,27,90.0,3,0.572,149.53,23,1.685,24,2049,Agente de utilidad
fifo,0.0,0,7,26,86.67,4,0.655,197.26,23,0.294,25,2050,FIFO (base)
goal,85.71,6,7,24,80.0,6,0.645,176.12,25,0.315,25,2050,Agente de objetivos
utility,71.43,5,7,25,83.33,5,0.7,217.8,20,1.554,25,2050,Agente de utilidad
fifo,50.0,5,10,20,66.67,10,0.548,98.25,30,0.27,26,2051,FIFO (base)
goal,70.0,7,10,19,63.33,11,0.554,96.77,30,0.436,26,2051,Agente de objetivos
utility,60.0,6,10,21,70.0,9,0.585,122.98,26,1.196,26,2051,Agente de utilidad
fifo,16.67,1,6,24,80.0,6,0.689,203.49,14,0.391,27,2052,FIFO (base)
goal,50.0,3,6,23,76.67,7,0.747,228.34,18,0.313,27,2052,Agente de objetivos
utility,33.33,2,6,25,83.33,5,0.762,258.09,12,2.032,27,2052,Agente de utilidad
fifo,25.0,1,4,20,66.67,10,0.621,136.69,16,0.35,28,2053,FIFO (base)
goal,100.0,4,4,19,63.33,11,0.666,151.05,15,0.312,28,2053,Agente de objetivos
utility,100.0,4,4,20,66.67,10,0.635,143.39,11,1.366,28,2053,Agente de utilidad
fifo,16.67,1,6,20,66.67,10,0.689,169.22,20,0.278,29,2054,FIFO (base)
goal,50.0,3,6,21,70.0,9,0.676,171.26,20,0.294,29,2054,Agente de objetivos
utility,16.67,1,6,21,70.0,9,0.732,200.95,19,1.034,29,2054,Agente de utilidad
fifo,50.0,4,8,25,83.33,5,0.654,190.15,9,0.347,30,2055,FIFO (base)
goal,75.0,6,8,25,83.33,5,0.647,185.91,9,0.332,30,2055,Agente de objetivos
utility,75.0,6,8,25,83.33,5,0.715,228.15,10,1.664,30,2055,Agente de utilidad
